candidate_id	record_id	strand	aa_length	protein_sequence	genomic_start	genomic_end
NC_002977.6|orf0001	NC_002977.6	+	55	MDRRLQVDLLLERPGAGCMTAQVLTQPHVWAKLRRSALPVEFRMSTVDIPCAAGG	924057	924222
NC_002977.6|orf0002	NC_002977.6	+	49	MDLLLERPGAGCMTAQVLTQPHVWAKLRRSALPVEFRMSTVDIPCAAGG	924075	924222
NC_002977.6|orf0003	NC_002977.6	+	46	MLERPGAGCMTAQVLTQPHVWAKLRRSALPVEFRMSTVDIPCAAGG	924084	924222
NC_002977.6|orf0004	NC_002977.6	+	37	MTAQVLTQPHVWAKLRRSALPVEFRMSTVDIPCAAGG	924111	924222
NC_002977.6|orf0005	NC_002977.6	+	37	MMPRFSRSMAMKRSPCSRASSRAMWVCGWGELQRLGR	924252	924363
NC_002977.6|orf0006	NC_002977.6	+	36	MPRFSRSMAMKRSPCSRASSRAMWVCGWGELQRLGR	924255	924363
NC_002977.6|orf0007	NC_002977.6	+	29	MAMKRSPCSRASSRAMWVCGWGELQRLGR	924276	924363
NC_002977.6|orf0008	NC_002977.6	+	27	MKRSPCSRASSRAMWVCGWGELQRLGR	924282	924363
NC_002977.6|orf0009	NC_002977.6	+	54	MKSQVAGQARNIGLPGSSSSQSAKAFIASAGGRVFRRWAFHASGNCRHHSAMAG	924486	924648
NC_002977.6|orf0010	NC_002977.6	+	50	MAGQARNIGLPGSSSSQSAKAFIASAGGRVFRRWAFHASGNCRHHSAMAG	924498	924648
NC_002977.6|orf0011	NC_002977.6	+	41	MPGSSSSQSAKAFIASAGGRVFRRWAFHASGNCRHHSAMAG	924525	924648
NC_002977.6|orf0012	NC_002977.6	+	21	MFRRWAFHASGNCRHHSAMAG	924585	924648
NC_002977.6|orf0013	NC_002977.6	+	20	MLSIEWGPGIGPSASMSTLT	924732	924792
NC_002977.6|orf0014	NC_002977.6	+	50	MPGPLLPCVAQTVTLKFCGFYAVSEFPQKTGGNDRMLHERSLETESPAGA	924885	925035
NC_002977.6|orf0015	NC_002977.6	+	46	MLPCVAQTVTLKFCGFYAVSEFPQKTGGNDRMLHERSLETESPAGA	924897	925035
NC_002977.6|orf0016	NC_002977.6	+	28	MSEFPQKTGGNDRMLHERSLETESPAGA	924951	925035
NC_002977.6|orf0017	NC_002977.6	+	56	MNTHLDVVVKGKGQMMPSFGDSLSPVEIAAVVTYQRNGFGNNMGDLVQPSDVSARN	926538	926706
NC_002977.6|orf0018	NC_002977.6	+	50	MVVKGKGQMMPSFGDSLSPVEIAAVVTYQRNGFGNNMGDLVQPSDVSARN	926556	926706
NC_002977.6|orf0019	NC_002977.6	+	42	MMPSFGDSLSPVEIAAVVTYQRNGFGNNMGDLVQPSDVSARN	926580	926706
NC_002977.6|orf0020	NC_002977.6	+	41	MPSFGDSLSPVEIAAVVTYQRNGFGNNMGDLVQPSDVSARN	926583	926706
