record_id	compounds	is_lasso_bgc	candidate_id	protein_sequence	aa_length	strand	genomic_start	genomic_end	best_similarity	top_n_mean_similarity	is_known_precursor	combined_score
NC_002977.6	terpene, lassopeptide, ranthipeptide, arylpolyene, NRPS-like, T1PKS, redox-cofactor, NRPS, NAPAA, terpene, RiPP-like	True	NC_002977.6|orf0016	MSEFPQKTGGNDRMLHERSLETESPAGA	28	+	924951	925035	0.9812521934509276	0.9783059358596802	False	0.9783059358596802
NC_002977.6	terpene, lassopeptide, ranthipeptide, arylpolyene, NRPS-like, T1PKS, redox-cofactor, NRPS, NAPAA, terpene, RiPP-like	True	NC_002977.6|orf0017	MNTHLDVVVKGKGQMMPSFGDSLSPVEIAAVVTYQRNGFGNNMGDLVQPSDVSARN	56	+	926538	926706	0.9804627895355223	0.9777075052261353	False	0.9777075052261353
NC_002977.6	terpene, lassopeptide, ranthipeptide, arylpolyene, NRPS-like, T1PKS, redox-cofactor, NRPS, NAPAA, terpene, RiPP-like	True	NC_002977.6|orf0018	MVVKGKGQMMPSFGDSLSPVEIAAVVTYQRNGFGNNMGDLVQPSDVSARN	50	+	926556	926706	0.9798808097839355	0.9773765802383424	False	0.9773765802383424
NC_002977.6	terpene, lassopeptide, ranthipeptide, arylpolyene, NRPS-like, T1PKS, redox-cofactor, NRPS, NAPAA, terpene, RiPP-like	True	NC_002977.6|orf0015	MLPCVAQTVTLKFCGFYAVSEFPQKTGGNDRMLHERSLETESPAGA	46	+	924897	925035	0.9812021255493164	0.9769836664199828	False	0.9769836664199828
NC_002977.6	terpene, lassopeptide, ranthipeptide, arylpolyene, NRPS-like, T1PKS, redox-cofactor, NRPS, NAPAA, terpene, RiPP-like	True	NC_002977.6|orf0019	MMPSFGDSLSPVEIAAVVTYQRNGFGNNMGDLVQPSDVSARN	42	+	926580	926706	0.9789445996284484	0.9762474298477172	False	0.9762474298477172
NC_002977.6	terpene, lassopeptide, ranthipeptide, arylpolyene, NRPS-like, T1PKS, redox-cofactor, NRPS, NAPAA, terpene, RiPP-like	True	NC_002977.6|orf0014	MPGPLLPCVAQTVTLKFCGFYAVSEFPQKTGGNDRMLHERSLETESPAGA	50	+	924885	925035	0.9778907299041748	0.9758358001708984	False	0.9758358001708984
NC_002977.6	terpene, lassopeptide, ranthipeptide, arylpolyene, NRPS-like, T1PKS, redox-cofactor, NRPS, NAPAA, terpene, RiPP-like	True	NC_002977.6|orf0020	MPSFGDSLSPVEIAAVVTYQRNGFGNNMGDLVQPSDVSARN	41	+	926583	926706	0.9770498275756836	0.9744397401809692	False	0.9744397401809692
NC_002977.6	terpene, lassopeptide, ranthipeptide, arylpolyene, NRPS-like, T1PKS, redox-cofactor, NRPS, NAPAA, terpene, RiPP-like	True	NC_002977.6|orf0003	MLERPGAGCMTAQVLTQPHVWAKLRRSALPVEFRMSTVDIPCAAGG	46	+	924084	924222	0.9739165902137756	0.969835638999939	False	0.969835638999939
NC_002977.6	terpene, lassopeptide, ranthipeptide, arylpolyene, NRPS-like, T1PKS, redox-cofactor, NRPS, NAPAA, terpene, RiPP-like	True	NC_002977.6|orf0004	MTAQVLTQPHVWAKLRRSALPVEFRMSTVDIPCAAGG	37	+	924111	924222	0.9702724814414978	0.9662877321243286	False	0.9662877321243286
NC_002977.6	terpene, lassopeptide, ranthipeptide, arylpolyene, NRPS-like, T1PKS, redox-cofactor, NRPS, NAPAA, terpene, RiPP-like	True	NC_002977.6|orf0009	MKSQVAGQARNIGLPGSSSSQSAKAFIASAGGRVFRRWAFHASGNCRHHSAMAG	54	+	924486	924648	0.9671356678009032	0.9610742330551147	False	0.9610742330551147
NC_002977.6	terpene, lassopeptide, ranthipeptide, arylpolyene, NRPS-like, T1PKS, redox-cofactor, NRPS, NAPAA, terpene, RiPP-like	True	NC_002977.6|orf0010	MAGQARNIGLPGSSSSQSAKAFIASAGGRVFRRWAFHASGNCRHHSAMAG	50	+	924498	924648	0.9670711755752563	0.9602494239807128	False	0.9602494239807128
NC_002977.6	terpene, lassopeptide, ranthipeptide, arylpolyene, NRPS-like, T1PKS, redox-cofactor, NRPS, NAPAA, terpene, RiPP-like	True	NC_002977.6|orf0011	MPGSSSSQSAKAFIASAGGRVFRRWAFHASGNCRHHSAMAG	41	+	924525	924648	0.9632811546325684	0.9561405181884766	False	0.9561405181884766
NC_002977.6	terpene, lassopeptide, ranthipeptide, arylpolyene, NRPS-like, T1PKS, redox-cofactor, NRPS, NAPAA, terpene, RiPP-like	True	NC_002977.6|orf0012	MFRRWAFHASGNCRHHSAMAG	21	+	924585	924648	0.9625329971313475	0.9551682472229004	False	0.9551682472229004
NC_002977.6	terpene, lassopeptide, ranthipeptide, arylpolyene, NRPS-like, T1PKS, redox-cofactor, NRPS, NAPAA, terpene, RiPP-like	True	NC_002977.6|orf0013	MLSIEWGPGIGPSASMSTLT	20	+	924732	924792	0.9497400522232056	0.9464980363845824	False	0.9464980363845824
NC_002977.6	terpene, lassopeptide, ranthipeptide, arylpolyene, NRPS-like, T1PKS, redox-cofactor, NRPS, NAPAA, terpene, RiPP-like	True	NC_002977.6|orf0002	MDLLLERPGAGCMTAQVLTQPHVWAKLRRSALPVEFRMSTVDIPCAAGG	49	+	924075	924222	0.9310616850852966	0.9276341199874878	False	0.9276341199874878
NC_002977.6	terpene, lassopeptide, ranthipeptide, arylpolyene, NRPS-like, T1PKS, redox-cofactor, NRPS, NAPAA, terpene, RiPP-like	True	NC_002977.6|orf0008	MKRSPCSRASSRAMWVCGWGELQRLGR	27	+	924282	924363	0.9406731724739076	0.9194964170455932	False	0.9194964170455932
NC_002977.6	terpene, lassopeptide, ranthipeptide, arylpolyene, NRPS-like, T1PKS, redox-cofactor, NRPS, NAPAA, terpene, RiPP-like	True	NC_002977.6|orf0001	MDRRLQVDLLLERPGAGCMTAQVLTQPHVWAKLRRSALPVEFRMSTVDIPCAAGG	55	+	924057	924222	0.9233604669570924	0.916786015033722	False	0.916786015033722
NC_002977.6	terpene, lassopeptide, ranthipeptide, arylpolyene, NRPS-like, T1PKS, redox-cofactor, NRPS, NAPAA, terpene, RiPP-like	True	NC_002977.6|orf0007	MAMKRSPCSRASSRAMWVCGWGELQRLGR	29	+	924276	924363	0.933730125427246	0.9147359132766724	False	0.9147359132766724
NC_002977.6	terpene, lassopeptide, ranthipeptide, arylpolyene, NRPS-like, T1PKS, redox-cofactor, NRPS, NAPAA, terpene, RiPP-like	True	NC_002977.6|orf0006	MPRFSRSMAMKRSPCSRASSRAMWVCGWGELQRLGR	36	+	924255	924363	0.9061694741249084	0.8931791186332703	False	0.8931791186332703
NC_002977.6	terpene, lassopeptide, ranthipeptide, arylpolyene, NRPS-like, T1PKS, redox-cofactor, NRPS, NAPAA, terpene, RiPP-like	True	NC_002977.6|orf0005	MMPRFSRSMAMKRSPCSRASSRAMWVCGWGELQRLGR	37	+	924252	924363	0.8981545567512512	0.8849611282348633	False	0.8849611282348633
